{
    "__inputs": [
      {
        "name": "DS_PROMETHEUS",
        "label": "prometheus",
        "description": "",
        "type": "datasource",
        "pluginId": "prometheus",
        "pluginName": "Prometheus"
      }
    ],
    "__elements": {},
    "__requires": [
      {
        "type": "panel",
        "id": "gauge",
        "name": "Gauge",
        "version": ""
      },
      {
        "type": "grafana",
        "id": "grafana",
        "name": "Grafana",
        "version": "11.5.2"
      },
      {
        "type": "datasource",
        "id": "prometheus",
        "name": "Prometheus",
        "version": "1.0.0"
      },
      {
        "type": "panel",
        "id": "stat",
        "name": "Stat",
        "version": ""
      },
      {
        "type": "panel",
        "id": "timeseries",
        "name": "Time series",
        "version": ""
      }
    ],
    "annotations": {
      "list": [
        {
          "$$hashKey": "object:1058",
          "builtIn": 1,
          "datasource": {
            "type": "datasource",
            "uid": "grafana"
          },
          "enable": true,
          "hide": true,
          "iconColor": "rgba(0, 211, 255, 1)",
          "name": "Annotations & Alerts",
          "target": {
            "limit": 100,
            "matchAny": false,
            "tags": [],
            "type": "dashboard"
          },
          "type": "dashboard"
        }
      ]
    },
    "editable": true,
    "fiscalYearStartMonth": 0,
    "graphTooltip": 1,
    "id": null,
    "links": [
      {
        "asDropdown": true,
        "icon": "external link",
        "includeVars": true,
        "keepTime": true,
        "tags": [
          "system"
        ],
        "targetBlank": true,
        "title": "Systems",
        "tooltip": "",
        "type": "dashboards",
        "url": ""
      },
      {
        "asDropdown": true,
        "icon": "external link",
        "includeVars": false,
        "keepTime": true,
        "tags": [
          "apps"
        ],
        "targetBlank": true,
        "title": "Applications",
        "tooltip": "",
        "type": "dashboards",
        "url": ""
      }
    ],
    "panels": [
      {
        "collapsed": false,
        "gridPos": {
          "h": 1,
          "w": 24,
          "x": 0,
          "y": 0
        },
        "id": 341,
        "panels": [],
        "title": "Summary",
        "type": "row"
      },
      {
        "datasource": {
          "type": "prometheus",
          "uid": "${DS_PROMETHEUS}"
        },
        "description": "Busy state of all CPU cores together",
        "fieldConfig": {
          "defaults": {
            "color": {
              "mode": "thresholds"
            },
            "decimals": 1,
            "mappings": [
              {
                "options": {
                  "match": "null",
                  "result": {
                    "text": "N/A"
                  }
                },
                "type": "special"
              }
            ],
            "max": 100,
            "min": 0,
            "thresholds": {
              "mode": "absolute",
              "steps": [
                {
                  "color": "rgba(50, 172, 45, 0.97)",
                  "value": null
                },
                {
                  "color": "rgba(237, 129, 40, 0.89)",
                  "value": 85
                },
                {
                  "color": "rgba(245, 54, 54, 0.9)",
                  "value": 95
                }
              ]
            },
            "unit": "percent"
          },
          "overrides": []
        },
        "gridPos": {
          "h": 4,
          "w": 3,
          "x": 0,
          "y": 1
        },
        "id": 20,
        "options": {
          "minVizHeight": 75,
          "minVizWidth": 75,
          "orientation": "auto",
          "reduceOptions": {
            "calcs": [
              "lastNotNull"
            ],
            "fields": "",
            "values": false
          },
          "showThresholdLabels": false,
          "showThresholdMarkers": true,
          "sizing": "auto"
        },
        "pluginVersion": "11.5.2",
        "targets": [
          {
            "datasource": {
              "type": "prometheus",
              "uid": "${DS_PROMETHEUS}"
            },
            "editorMode": "code",
            "exemplar": false,
            "expr": "100 * (1 - avg(rate(node_cpu_seconds_total{mode=\"idle\", monitor=\"$monitor\"}[$__rate_interval])))",
            "hide": false,
            "instant": true,
            "intervalFactor": 1,
            "legendFormat": "",
            "range": false,
            "refId": "A",
            "step": 240
          }
        ],
        "title": "CPU Busy",
        "type": "gauge"
      },
      {
        "datasource": {
          "type": "prometheus",
          "uid": "${DS_PROMETHEUS}"
        },
        "description": "System load  over all CPU cores together",
        "fieldConfig": {
          "defaults": {
            "color": {
              "mode": "thresholds"
            },
            "decimals": 1,
            "mappings": [
              {
                "options": {
                  "match": "null",
                  "result": {
                    "text": "N/A"
                  }
                },
                "type": "special"
              }
            ],
            "max": 100,
            "min": 0,
            "thresholds": {
              "mode": "absolute",
              "steps": [
                {
                  "color": "rgba(50, 172, 45, 0.97)",
                  "value": null
                },
                {
                  "color": "rgba(237, 129, 40, 0.89)",
                  "value": 85
                },
                {
                  "color": "rgba(245, 54, 54, 0.9)",
                  "value": 95
                }
              ]
            },
            "unit": "percent"
          },
          "overrides": []
        },
        "gridPos": {
          "h": 4,
          "w": 3,
          "x": 3,
          "y": 1
        },
        "id": 155,
        "options": {
          "minVizHeight": 75,
          "minVizWidth": 75,
          "orientation": "auto",
          "reduceOptions": {
            "calcs": [
              "lastNotNull"
            ],
            "fields": "",
            "values": false
          },
          "showThresholdLabels": false,
          "showThresholdMarkers": true,
          "sizing": "auto"
        },
        "pluginVersion": "11.5.2",
        "targets": [
          {
            "datasource": {
              "type": "prometheus",
              "uid": "${DS_PROMETHEUS}"
            },
            "editorMode": "code",
            "exemplar": false,
            "expr": "scalar(node_load1{monitor=\"$monitor\"}) * 100 / count(count(node_cpu_seconds_total{monitor=\"$monitor\"}) by (cpu))",
            "format": "time_series",
            "hide": false,
            "instant": true,
            "intervalFactor": 1,
            "range": false,
            "refId": "A",
            "step": 240
          }
        ],
        "title": "Sys Load",
        "type": "gauge"
      },
      {
        "datasource": {
          "type": "prometheus",
          "uid": "${DS_PROMETHEUS}"
        },
        "description": "Non available RAM memory",
        "fieldConfig": {
          "defaults": {
            "color": {
              "mode": "thresholds"
            },
            "decimals": 1,
            "mappings": [],
            "max": 100,
            "min": 0,
            "thresholds": {
              "mode": "absolute",
              "steps": [
                {
                  "color": "rgba(50, 172, 45, 0.97)",
                  "value": null
                },
                {
                  "color": "rgba(237, 129, 40, 0.89)",
                  "value": 80
                },
                {
                  "color": "rgba(245, 54, 54, 0.9)",
                  "value": 90
                }
              ]
            },
            "unit": "percent"
          },
          "overrides": []
        },
        "gridPos": {
          "h": 4,
          "w": 3,
          "x": 6,
          "y": 1
        },
        "id": 16,
        "options": {
          "minVizHeight": 75,
          "minVizWidth": 75,
          "orientation": "auto",
          "reduceOptions": {
            "calcs": [
              "lastNotNull"
            ],
            "fields": "",
            "values": false
          },
          "showThresholdLabels": false,
          "showThresholdMarkers": true,
          "sizing": "auto"
        },
        "pluginVersion": "11.5.2",
        "targets": [
          {
            "datasource": {
              "type": "prometheus",
              "uid": "${DS_PROMETHEUS}"
            },
            "editorMode": "code",
            "exemplar": false,
            "expr": "((node_memory_MemTotal_bytes{monitor=\"$monitor\"} - node_memory_MemFree_bytes{monitor=\"$monitor\"}) / node_memory_MemTotal_bytes{monitor=\"$monitor\"}) * 100",
            "format": "time_series",
            "hide": true,
            "instant": true,
            "intervalFactor": 1,
            "range": false,
            "refId": "A",
            "step": 240
          },
          {
            "datasource": {
              "type": "prometheus",
              "uid": "${DS_PROMETHEUS}"
            },
            "editorMode": "code",
            "exemplar": false,
            "expr": "(1 - (node_memory_MemAvailable_bytes{monitor=\"$monitor\"} / node_memory_MemTotal_bytes{monitor=\"$monitor\"})) * 100",
            "format": "time_series",
            "hide": false,
            "instant": true,
            "intervalFactor": 1,
            "range": false,
            "refId": "B",
            "step": 240
          }
        ],
        "title": "RAM Used",
        "type": "gauge"
      },
      {
        "datasource": {
          "type": "prometheus",
          "uid": "${DS_PROMETHEUS}"
        },
        "description": "",
        "fieldConfig": {
          "defaults": {
            "color": {
              "mode": "thresholds"
            },
            "decimals": 1,
            "mappings": [
              {
                "options": {
                  "match": "null",
                  "result": {
                    "text": "N/A"
                  }
                },
                "type": "special"
              }
            ],
            "max": 100,
            "min": 0,
            "thresholds": {
              "mode": "absolute",
              "steps": [
                {
                  "color": "rgba(50, 172, 45, 0.97)",
                  "value": null
                },
                {
                  "color": "rgba(237, 129, 40, 0.89)",
                  "value": 70
                },
                {
                  "color": "rgba(245, 54, 54, 0.9)",
                  "value": 85
                }
              ]
            },
            "unit": "percent"
          },
          "overrides": []
        },
        "gridPos": {
          "h": 4,
          "w": 3,
          "x": 9,
          "y": 1
        },
        "id": 154,
        "options": {
          "minVizHeight": 75,
          "minVizWidth": 75,
          "orientation": "auto",
          "reduceOptions": {
            "calcs": [
              "lastNotNull"
            ],
            "fields": "",
            "values": false
          },
          "showThresholdLabels": false,
          "showThresholdMarkers": true,
          "sizing": "auto"
        },
        "pluginVersion": "11.5.2",
        "targets": [
          {
            "datasource": {
              "type": "prometheus",
              "uid": "${DS_PROMETHEUS}"
            },
            "editorMode": "code",
            "exemplar": false,
            "expr": "100 - ((node_filesystem_avail_bytes{monitor=\"$monitor\",mountpoint=\"/\"} * 100) / node_filesystem_size_bytes{monitor=\"$monitor\",mountpoint=\"/\"})",
            "format": "time_series",
            "instant": true,
            "intervalFactor": 1,
            "range": false,
            "refId": "A",
            "step": 240
          }
        ],
        "title": "Storage Used",
        "type": "gauge"
      },
      {
        "datasource": {
          "type": "prometheus",
          "uid": "${DS_PROMETHEUS}"
        },
        "fieldConfig": {
          "defaults": {
            "color": {
              "mode": "thresholds"
            },
            "mappings": [],
            "thresholds": {
              "mode": "absolute",
              "steps": [
                {
                  "color": "text",
                  "value": null
                }
              ]
            },
            "unit": "s"
          },
          "overrides": []
        },
        "gridPos": {
          "h": 4,
          "w": 3,
          "x": 12,
          "y": 1
        },
        "id": 325,
        "options": {
          "colorMode": "value",
          "graphMode": "none",
          "justifyMode": "auto",
          "orientation": "auto",
          "percentChangeColorMode": "standard",
          "reduceOptions": {
            "calcs": [
              "lastNotNull"
            ],
            "fields": "",
            "values": false
          },
          "showPercentChange": false,
          "textMode": "auto",
          "wideLayout": true
        },
        "pluginVersion": "11.5.2",
        "targets": [
          {
            "datasource": {
              "type": "prometheus",
              "uid": "${DS_PROMETHEUS}"
            },
            "disableTextWrap": false,
            "editorMode": "code",
            "expr": "(time() - node_boot_time_seconds{monitor=\"$monitor\"})",
            "fullMetaSearch": false,
            "includeNullMetadata": true,
            "legendFormat": "__auto",
            "range": true,
            "refId": "A",
            "useBackend": false
          }
        ],
        "title": "Uptime",
        "type": "stat"
      },
      {
        "collapsed": false,
        "gridPos": {
          "h": 1,
          "w": 24,
          "x": 0,
          "y": 5
        },
        "id": 338,
        "panels": [],
        "title": "Resources",
        "type": "row"
      },
      {
        "datasource": {
          "type": "prometheus",
          "uid": "${DS_PROMETHEUS}"
        },
        "description": "",
        "fieldConfig": {
          "defaults": {
            "color": {
              "mode": "palette-classic"
            },
            "custom": {
              "axisBorderShow": false,
              "axisCenteredZero": false,
              "axisColorMode": "text",
              "axisLabel": "",
              "axisPlacement": "auto",
              "barAlignment": 0,
              "barWidthFactor": 0.6,
              "drawStyle": "line",
              "fillOpacity": 40,
              "gradientMode": "none",
              "hideFrom": {
                "legend": false,
                "tooltip": false,
                "viz": false
              },
              "insertNulls": false,
              "lineInterpolation": "smooth",
              "lineWidth": 1,
              "pointSize": 5,
              "scaleDistribution": {
                "type": "linear"
              },
              "showPoints": "never",
              "spanNulls": false,
              "stacking": {
                "group": "A",
                "mode": "percent"
              },
              "thresholdsStyle": {
                "mode": "off"
              }
            },
            "links": [],
            "mappings": [],
            "min": 0,
            "thresholds": {
              "mode": "absolute",
              "steps": [
                {
                  "color": "green",
                  "value": null
                },
                {
                  "color": "red",
                  "value": 80
                }
              ]
            },
            "unit": "percentunit"
          },
          "overrides": [
            {
              "matcher": {
                "id": "byName",
                "options": "Busy Iowait"
              },
              "properties": [
                {
                  "id": "color",
                  "value": {
                    "fixedColor": "#890F02",
                    "mode": "fixed"
                  }
                }
              ]
            },
            {
              "matcher": {
                "id": "byName",
                "options": "Idle"
              },
              "properties": [
                {
                  "id": "color",
                  "value": {
                    "fixedColor": "#052B51",
                    "mode": "fixed"
                  }
                }
              ]
            },
            {
              "matcher": {
                "id": "byName",
                "options": "Busy Iowait"
              },
              "properties": [
                {
                  "id": "color",
                  "value": {
                    "fixedColor": "#890F02",
                    "mode": "fixed"
                  }
                }
              ]
            },
            {
              "matcher": {
                "id": "byName",
                "options": "Idle"
              },
              "properties": [
                {
                  "id": "color",
                  "value": {
                    "fixedColor": "transparent",
                    "mode": "fixed"
                  }
                }
              ]
            },
            {
              "matcher": {
                "id": "byName",
                "options": "Busy System"
              },
              "properties": [
                {
                  "id": "color",
                  "value": {
                    "fixedColor": "#EAB839",
                    "mode": "fixed"
                  }
                }
              ]
            },
            {
              "matcher": {
                "id": "byName",
                "options": "Busy User"
              },
              "properties": [
                {
                  "id": "color",
                  "value": {
                    "fixedColor": "#0A437C",
                    "mode": "fixed"
                  }
                }
              ]
            },
            {
              "matcher": {
                "id": "byName",
                "options": "Busy Other"
              },
              "properties": [
                {
                  "id": "color",
                  "value": {
                    "fixedColor": "#6D1F62",
                    "mode": "fixed"
                  }
                }
              ]
            }
          ]
        },
        "gridPos": {
          "h": 7,
          "w": 12,
          "x": 0,
          "y": 6
        },
        "id": 77,
        "options": {
          "legend": {
            "calcs": [],
            "displayMode": "list",
            "placement": "bottom",
            "showLegend": true,
            "width": 250
          },
          "tooltip": {
            "hideZeros": false,
            "mode": "multi",
            "sort": "desc"
          }
        },
        "pluginVersion": "11.5.2",
        "targets": [
          {
            "datasource": {
              "type": "prometheus",
              "uid": "${DS_PROMETHEUS}"
            },
            "editorMode": "code",
            "exemplar": false,
            "expr": "sum(irate(node_cpu_seconds_total{monitor=\"$monitor\",mode=\"system\"}[$__rate_interval])) / scalar(count(count(node_cpu_seconds_total{monitor=\"$monitor\"}) by (cpu)))",
            "format": "time_series",
            "hide": false,
            "instant": false,
            "intervalFactor": 1,
            "legendFormat": "Busy System",
            "range": true,
            "refId": "A",
            "step": 240
          },
          {
            "datasource": {
              "type": "prometheus",
              "uid": "${DS_PROMETHEUS}"
            },
            "editorMode": "code",
            "expr": "sum(irate(node_cpu_seconds_total{monitor=\"$monitor\",mode=\"user\"}[$__rate_interval])) / scalar(count(count(node_cpu_seconds_total{monitor=\"$monitor\"}) by (cpu)))",
            "format": "time_series",
            "hide": false,
            "intervalFactor": 1,
            "legendFormat": "Busy User",
            "range": true,
            "refId": "B",
            "step": 240
          },
          {
            "datasource": {
              "type": "prometheus",
              "uid": "${DS_PROMETHEUS}"
            },
            "editorMode": "code",
            "expr": "sum(irate(node_cpu_seconds_total{monitor=\"$monitor\",mode=\"iowait\"}[$__rate_interval])) / scalar(count(count(node_cpu_seconds_total{monitor=\"$monitor\"}) by (cpu)))",
            "format": "time_series",
            "intervalFactor": 1,
            "legendFormat": "Busy Iowait",
            "range": true,
            "refId": "C",
            "step": 240
          },
          {
            "datasource": {
              "type": "prometheus",
              "uid": "${DS_PROMETHEUS}"
            },
            "editorMode": "code",
            "expr": "sum(irate(node_cpu_seconds_total{monitor=\"$monitor\",mode=~\".*irq\"}[$__rate_interval])) / scalar(count(count(node_cpu_seconds_total{monitor=\"$monitor\"}) by (cpu)))",
            "format": "time_series",
            "intervalFactor": 1,
            "legendFormat": "Busy IRQs",
            "range": true,
            "refId": "D",
            "step": 240
          },
          {
            "datasource": {
              "type": "prometheus",
              "uid": "${DS_PROMETHEUS}"
            },
            "editorMode": "code",
            "expr": "sum(irate(node_cpu_seconds_total{monitor=\"$monitor\",mode!='idle',mode!='user',mode!='system',mode!='iowait',mode!='irq',mode!='softirq'}[$__rate_interval])) / scalar(count(count(node_cpu_seconds_total{monitor=\"$monitor\"}) by (cpu)))",
            "format": "time_series",
            "intervalFactor": 1,
            "legendFormat": "Busy Other",
            "range": true,
            "refId": "E",
            "step": 240
          },
          {
            "datasource": {
              "type": "prometheus",
              "uid": "${DS_PROMETHEUS}"
            },
            "editorMode": "code",
            "expr": "sum(irate(node_cpu_seconds_total{monitor=\"$monitor\",mode=\"idle\"}[$__rate_interval])) / scalar(count(count(node_cpu_seconds_total{monitor=\"$monitor\"}) by (cpu)))",
            "format": "time_series",
            "hide": false,
            "intervalFactor": 1,
            "legendFormat": "Idle",
            "range": true,
            "refId": "F",
            "step": 240
          }
        ],
        "title": "CPU",
        "type": "timeseries"
      },
      {
        "datasource": {
          "type": "prometheus",
          "uid": "${DS_PROMETHEUS}"
        },
        "description": "",
        "fieldConfig": {
          "defaults": {
            "color": {
              "mode": "palette-classic"
            },
            "custom": {
              "axisBorderShow": false,
              "axisCenteredZero": false,
              "axisColorMode": "text",
              "axisLabel": "",
              "axisPlacement": "auto",
              "barAlignment": 0,
              "barWidthFactor": 0.6,
              "drawStyle": "line",
              "fillOpacity": 40,
              "gradientMode": "none",
              "hideFrom": {
                "legend": false,
                "tooltip": false,
                "viz": false
              },
              "insertNulls": false,
              "lineInterpolation": "linear",
              "lineWidth": 1,
              "pointSize": 5,
              "scaleDistribution": {
                "type": "linear"
              },
              "showPoints": "never",
              "spanNulls": false,
              "stacking": {
                "group": "A",
                "mode": "normal"
              },
              "thresholdsStyle": {
                "mode": "off"
              }
            },
            "links": [],
            "mappings": [],
            "min": 0,
            "thresholds": {
              "mode": "absolute",
              "steps": [
                {
                  "color": "green",
                  "value": null
                },
                {
                  "color": "red",
                  "value": 80
                }
              ]
            },
            "unit": "bytes"
          },
          "overrides": [
            {
              "matcher": {
                "id": "byName",
                "options": "Apps"
              },
              "properties": [
                {
                  "id": "color",
                  "value": {
                    "fixedColor": "#629E51",
                    "mode": "fixed"
                  }
                }
              ]
            },
            {
              "matcher": {
                "id": "byName",
                "options": "Buffers"
              },
              "properties": [
                {
                  "id": "color",
                  "value": {
                    "fixedColor": "#614D93",
                    "mode": "fixed"
                  }
                }
              ]
            },
            {
              "matcher": {
                "id": "byName",
                "options": "Cache"
              },
              "properties": [
                {
                  "id": "color",
                  "value": {
                    "fixedColor": "#6D1F62",
                    "mode": "fixed"
                  }
                }
              ]
            },
            {
              "matcher": {
                "id": "byName",
                "options": "Cached"
              },
              "properties": [
                {
                  "id": "color",
                  "value": {
                    "fixedColor": "#511749",
                    "mode": "fixed"
                  }
                }
              ]
            },
            {
              "matcher": {
                "id": "byName",
                "options": "Committed"
              },
              "properties": [
                {
                  "id": "color",
                  "value": {
                    "fixedColor": "#508642",
                    "mode": "fixed"
                  }
                }
              ]
            },
            {
              "matcher": {
                "id": "byName",
                "options": "Free"
              },
              "properties": [
                {
                  "id": "color",
                  "value": {
                    "fixedColor": "#0A437C",
                    "mode": "fixed"
                  }
                }
              ]
            },
            {
              "matcher": {
                "id": "byName",
                "options": "Hardware Corrupted - Amount of RAM that the kernel identified as corrupted / not working"
              },
              "properties": [
                {
                  "id": "color",
                  "value": {
                    "fixedColor": "#CFFAFF",
                    "mode": "fixed"
                  }
                }
              ]
            },
            {
              "matcher": {
                "id": "byName",
                "options": "Inactive"
              },
              "properties": [
                {
                  "id": "color",
                  "value": {
                    "fixedColor": "#584477",
                    "mode": "fixed"
                  }
                }
              ]
            },
            {
              "matcher": {
                "id": "byName",
                "options": "PageTables"
              },
              "properties": [
                {
                  "id": "color",
                  "value": {
                    "fixedColor": "#0A50A1",
                    "mode": "fixed"
                  }
                }
              ]
            },
            {
              "matcher": {
                "id": "byName",
                "options": "Page_Tables"
              },
              "properties": [
                {
                  "id": "color",
                  "value": {
                    "fixedColor": "#0A50A1",
                    "mode": "fixed"
                  }
                }
              ]
            },
            {
              "matcher": {
                "id": "byName",
                "options": "RAM_Free"
              },
              "properties": [
                {
                  "id": "color",
                  "value": {
                    "fixedColor": "#E0F9D7",
                    "mode": "fixed"
                  }
                }
              ]
            },
            {
              "matcher": {
                "id": "byName",
                "options": "SWAP Used"
              },
              "properties": [
                {
                  "id": "color",
                  "value": {
                    "fixedColor": "#BF1B00",
                    "mode": "fixed"
                  }
                }
              ]
            },
            {
              "matcher": {
                "id": "byName",
                "options": "Slab"
              },
              "properties": [
                {
                  "id": "color",
                  "value": {
                    "fixedColor": "#806EB7",
                    "mode": "fixed"
                  }
                }
              ]
            },
            {
              "matcher": {
                "id": "byName",
                "options": "Slab_Cache"
              },
              "properties": [
                {
                  "id": "color",
                  "value": {
                    "fixedColor": "#E0752D",
                    "mode": "fixed"
                  }
                }
              ]
            },
            {
              "matcher": {
                "id": "byName",
                "options": "Swap"
              },
              "properties": [
                {
                  "id": "color",
                  "value": {
                    "fixedColor": "#BF1B00",
                    "mode": "fixed"
                  }
                }
              ]
            },
            {
              "matcher": {
                "id": "byName",
                "options": "Swap Used"
              },
              "properties": [
                {
                  "id": "color",
                  "value": {
                    "fixedColor": "#BF1B00",
                    "mode": "fixed"
                  }
                }
              ]
            },
            {
              "matcher": {
                "id": "byName",
                "options": "Swap_Cache"
              },
              "properties": [
                {
                  "id": "color",
                  "value": {
                    "fixedColor": "#C15C17",
                    "mode": "fixed"
                  }
                }
              ]
            },
            {
              "matcher": {
                "id": "byName",
                "options": "Swap_Free"
              },
              "properties": [
                {
                  "id": "color",
                  "value": {
                    "fixedColor": "#2F575E",
                    "mode": "fixed"
                  }
                }
              ]
            },
            {
              "matcher": {
                "id": "byName",
                "options": "Unused"
              },
              "properties": [
                {
                  "id": "color",
                  "value": {
                    "fixedColor": "#EAB839",
                    "mode": "fixed"
                  }
                }
              ]
            },
            {
              "matcher": {
                "id": "byName",
                "options": "RAM Total"
              },
              "properties": [
                {
                  "id": "color",
                  "value": {
                    "fixedColor": "#E0F9D7",
                    "mode": "fixed"
                  }
                },
                {
                  "id": "custom.fillOpacity",
                  "value": 0
                },
                {
                  "id": "custom.stacking",
                  "value": {
                    "group": false,
                    "mode": "normal"
                  }
                }
              ]
            },
            {
              "matcher": {
                "id": "byName",
                "options": "RAM Cache + Buffer"
              },
              "properties": [
                {
                  "id": "color",
                  "value": {
                    "fixedColor": "#052B51",
                    "mode": "fixed"
                  }
                }
              ]
            },
            {
              "matcher": {
                "id": "byName",
                "options": "RAM Free"
              },
              "properties": [
                {
                  "id": "color",
                  "value": {
                    "fixedColor": "#7EB26D",
                    "mode": "fixed"
                  }
                }
              ]
            },
            {
              "matcher": {
                "id": "byName",
                "options": "Available"
              },
              "properties": [
                {
                  "id": "color",
                  "value": {
                    "fixedColor": "#DEDAF7",
                    "mode": "fixed"
                  }
                },
                {
                  "id": "custom.fillOpacity",
                  "value": 0
                },
                {
                  "id": "custom.stacking",
                  "value": {
                    "group": false,
                    "mode": "normal"
                  }
                }
              ]
            }
          ]
        },
        "gridPos": {
          "h": 7,
          "w": 12,
          "x": 12,
          "y": 6
        },
        "id": 78,
        "options": {
          "legend": {
            "calcs": [],
            "displayMode": "list",
            "placement": "bottom",
            "showLegend": true,
            "width": 350
          },
          "tooltip": {
            "hideZeros": false,
            "mode": "multi",
            "sort": "none"
          }
        },
        "pluginVersion": "11.5.2",
        "targets": [
          {
            "datasource": {
              "type": "prometheus",
              "uid": "${DS_PROMETHEUS}"
            },
            "editorMode": "code",
            "expr": "node_memory_MemTotal_bytes{monitor=\"$monitor\"}",
            "format": "time_series",
            "hide": false,
            "intervalFactor": 1,
            "legendFormat": "RAM Total",
            "range": true,
            "refId": "A",
            "step": 240
          },
          {
            "datasource": {
              "type": "prometheus",
              "uid": "${DS_PROMETHEUS}"
            },
            "editorMode": "code",
            "expr": "node_memory_MemTotal_bytes{monitor=\"$monitor\"} - node_memory_MemFree_bytes{monitor=\"$monitor\"} - (node_memory_Cached_bytes{monitor=\"$monitor\"} + node_memory_Buffers_bytes{monitor=\"$monitor\"} + node_memory_SReclaimable_bytes{monitor=\"$monitor\"})",
            "format": "time_series",
            "hide": false,
            "intervalFactor": 1,
            "legendFormat": "RAM Used",
            "range": true,
            "refId": "B",
            "step": 240
          },
          {
            "datasource": {
              "type": "prometheus",
              "uid": "${DS_PROMETHEUS}"
            },
            "editorMode": "code",
            "expr": "node_memory_Cached_bytes{monitor=\"$monitor\"} + node_memory_Buffers_bytes{monitor=\"$monitor\"} + node_memory_SReclaimable_bytes{monitor=\"$monitor\"}",
            "format": "time_series",
            "intervalFactor": 1,
            "legendFormat": "RAM Cache + Buffer",
            "range": true,
            "refId": "C",
            "step": 240
          },
          {
            "datasource": {
              "type": "prometheus",
              "uid": "${DS_PROMETHEUS}"
            },
            "editorMode": "code",
            "expr": "node_memory_MemFree_bytes{monitor=\"$monitor\"}",
            "format": "time_series",
            "intervalFactor": 1,
            "legendFormat": "RAM Free",
            "range": true,
            "refId": "D",
            "step": 240
          },
          {
            "datasource": {
              "type": "prometheus",
              "uid": "${DS_PROMETHEUS}"
            },
            "editorMode": "code",
            "expr": "(node_memory_SwapTotal_bytes{monitor=\"$monitor\"} - node_memory_SwapFree_bytes{monitor=\"$monitor\"})",
            "format": "time_series",
            "intervalFactor": 1,
            "legendFormat": "SWAP Used",
            "range": true,
            "refId": "E",
            "step": 240
          }
        ],
        "title": "Memory",
        "type": "timeseries"
      },
      {
        "datasource": {
          "type": "prometheus",
          "uid": "${DS_PROMETHEUS}"
        },
        "description": "",
        "fieldConfig": {
          "defaults": {
            "color": {
              "mode": "palette-classic"
            },
            "custom": {
              "axisBorderShow": false,
              "axisCenteredZero": false,
              "axisColorMode": "text",
              "axisLabel": "",
              "axisPlacement": "auto",
              "barAlignment": 0,
              "barWidthFactor": 0.6,
              "drawStyle": "line",
              "fillOpacity": 40,
              "gradientMode": "none",
              "hideFrom": {
                "legend": false,
                "tooltip": false,
                "viz": false
              },
              "insertNulls": false,
              "lineInterpolation": "linear",
              "lineWidth": 1,
              "pointSize": 5,
              "scaleDistribution": {
                "type": "linear"
              },
              "showPoints": "never",
              "spanNulls": false,
              "stacking": {
                "group": "A",
                "mode": "none"
              },
              "thresholdsStyle": {
                "mode": "off"
              }
            },
            "links": [],
            "mappings": [],
            "thresholds": {
              "mode": "absolute",
              "steps": [
                {
                  "color": "green",
                  "value": null
                },
                {
                  "color": "red",
                  "value": 80
                }
              ]
            },
            "unit": "bps"
          },
          "overrides": [
            {
              "matcher": {
                "id": "byName",
                "options": "Recv_bytes_eth2"
              },
              "properties": [
                {
                  "id": "color",
                  "value": {
                    "fixedColor": "#7EB26D",
                    "mode": "fixed"
                  }
                }
              ]
            },
            {
              "matcher": {
                "id": "byName",
                "options": "Recv_bytes_lo"
              },
              "properties": [
                {
                  "id": "color",
                  "value": {
                    "fixedColor": "#0A50A1",
                    "mode": "fixed"
                  }
                }
              ]
            },
            {
              "matcher": {
                "id": "byName",
                "options": "Recv_drop_eth2"
              },
              "properties": [
                {
                  "id": "color",
                  "value": {
                    "fixedColor": "#6ED0E0",
                    "mode": "fixed"
                  }
                }
              ]
            },
            {
              "matcher": {
                "id": "byName",
                "options": "Recv_drop_lo"
              },
              "properties": [
                {
                  "id": "color",
                  "value": {
                    "fixedColor": "#E0F9D7",
                    "mode": "fixed"
                  }
                }
              ]
            },
            {
              "matcher": {
                "id": "byName",
                "options": "Recv_errs_eth2"
              },
              "properties": [
                {
                  "id": "color",
                  "value": {
                    "fixedColor": "#BF1B00",
                    "mode": "fixed"
                  }
                }
              ]
            },
            {
              "matcher": {
                "id": "byName",
                "options": "Recv_errs_lo"
              },
              "properties": [
                {
                  "id": "color",
                  "value": {
                    "fixedColor": "#CCA300",
                    "mode": "fixed"
                  }
                }
              ]
            },
            {
              "matcher": {
                "id": "byName",
                "options": "Trans_bytes_eth2"
              },
              "properties": [
                {
                  "id": "color",
                  "value": {
                    "fixedColor": "#7EB26D",
                    "mode": "fixed"
                  }
                }
              ]
            },
            {
              "matcher": {
                "id": "byName",
                "options": "Trans_bytes_lo"
              },
              "properties": [
                {
                  "id": "color",
                  "value": {
                    "fixedColor": "#0A50A1",
                    "mode": "fixed"
                  }
                }
              ]
            },
            {
              "matcher": {
                "id": "byName",
                "options": "Trans_drop_eth2"
              },
              "properties": [
                {
                  "id": "color",
                  "value": {
                    "fixedColor": "#6ED0E0",
                    "mode": "fixed"
                  }
                }
              ]
            },
            {
              "matcher": {
                "id": "byName",
                "options": "Trans_drop_lo"
              },
              "properties": [
                {
                  "id": "color",
                  "value": {
                    "fixedColor": "#E0F9D7",
                    "mode": "fixed"
                  }
                }
              ]
            },
            {
              "matcher": {
                "id": "byName",
                "options": "Trans_errs_eth2"
              },
              "properties": [
                {
                  "id": "color",
                  "value": {
                    "fixedColor": "#BF1B00",
                    "mode": "fixed"
                  }
                }
              ]
            },
            {
              "matcher": {
                "id": "byName",
                "options": "Trans_errs_lo"
              },
              "properties": [
                {
                  "id": "color",
                  "value": {
                    "fixedColor": "#CCA300",
                    "mode": "fixed"
                  }
                }
              ]
            },
            {
              "matcher": {
                "id": "byName",
                "options": "recv_bytes_lo"
              },
              "properties": [
                {
                  "id": "color",
                  "value": {
                    "fixedColor": "#0A50A1",
                    "mode": "fixed"
                  }
                }
              ]
            },
            {
              "matcher": {
                "id": "byName",
                "options": "recv_drop_eth0"
              },
              "properties": [
                {
                  "id": "color",
                  "value": {
                    "fixedColor": "#99440A",
                    "mode": "fixed"
                  }
                }
              ]
            },
            {
              "matcher": {
                "id": "byName",
                "options": "recv_drop_lo"
              },
              "properties": [
                {
                  "id": "color",
                  "value": {
                    "fixedColor": "#967302",
                    "mode": "fixed"
                  }
                }
              ]
            },
            {
              "matcher": {
                "id": "byName",
                "options": "recv_errs_eth0"
              },
              "properties": [
                {
                  "id": "color",
                  "value": {
                    "fixedColor": "#BF1B00",
                    "mode": "fixed"
                  }
                }
              ]
            },
            {
              "matcher": {
                "id": "byName",
                "options": "recv_errs_lo"
              },
              "properties": [
                {
                  "id": "color",
                  "value": {
                    "fixedColor": "#890F02",
                    "mode": "fixed"
                  }
                }
              ]
            },
            {
              "matcher": {
                "id": "byName",
                "options": "trans_bytes_eth0"
              },
              "properties": [
                {
                  "id": "color",
                  "value": {
                    "fixedColor": "#7EB26D",
                    "mode": "fixed"
                  }
                }
              ]
            },
            {
              "matcher": {
                "id": "byName",
                "options": "trans_bytes_lo"
              },
              "properties": [
                {
                  "id": "color",
                  "value": {
                    "fixedColor": "#0A50A1",
                    "mode": "fixed"
                  }
                }
              ]
            },
            {
              "matcher": {
                "id": "byName",
                "options": "trans_drop_eth0"
              },
              "properties": [
                {
                  "id": "color",
                  "value": {
                    "fixedColor": "#99440A",
                    "mode": "fixed"
                  }
                }
              ]
            },
            {
              "matcher": {
                "id": "byName",
                "options": "trans_drop_lo"
              },
              "properties": [
                {
                  "id": "color",
                  "value": {
                    "fixedColor": "#967302",
                    "mode": "fixed"
                  }
                }
              ]
            },
            {
              "matcher": {
                "id": "byName",
                "options": "trans_errs_eth0"
              },
              "properties": [
                {
                  "id": "color",
                  "value": {
                    "fixedColor": "#BF1B00",
                    "mode": "fixed"
                  }
                }
              ]
            },
            {
              "matcher": {
                "id": "byName",
                "options": "trans_errs_lo"
              },
              "properties": [
                {
                  "id": "color",
                  "value": {
                    "fixedColor": "#890F02",
                    "mode": "fixed"
                  }
                }
              ]
            },
            {
              "matcher": {
                "id": "byRegexp",
                "options": "/.*trans.*/"
              },
              "properties": [
                {
                  "id": "custom.transform",
                  "value": "negative-Y"
                }
              ]
            }
          ]
        },
        "gridPos": {
          "h": 7,
          "w": 12,
          "x": 0,
          "y": 13
        },
        "id": 74,
        "options": {
          "legend": {
            "calcs": [],
            "displayMode": "list",
            "placement": "bottom",
            "showLegend": true
          },
          "tooltip": {
            "hideZeros": false,
            "mode": "multi",
            "sort": "none"
          }
        },
        "pluginVersion": "11.5.2",
        "targets": [
          {
            "datasource": {
              "type": "prometheus",
              "uid": "${DS_PROMETHEUS}"
            },
            "editorMode": "code",
            "expr": "irate(node_network_receive_bytes_total{monitor=\"$monitor\",device=~\"(en|eth).*\"}[$__rate_interval])*8",
            "format": "time_series",
            "intervalFactor": 1,
            "legendFormat": "recv {{device}}",
            "range": true,
            "refId": "A",
            "step": 240
          },
          {
            "datasource": {
              "type": "prometheus",
              "uid": "${DS_PROMETHEUS}"
            },
            "editorMode": "code",
            "expr": "irate(node_network_transmit_bytes_total{monitor=\"$monitor\",device=~\"(en|eth).*\"}[$__rate_interval])*8",
            "format": "time_series",
            "intervalFactor": 1,
            "legendFormat": "trans {{device}} ",
            "range": true,
            "refId": "B",
            "step": 240
          }
        ],
        "title": "Network Traffic",
        "type": "timeseries"
      },
      {
        "datasource": {
          "type": "prometheus",
          "uid": "${DS_PROMETHEUS}"
        },
        "fieldConfig": {
          "defaults": {
            "color": {
              "mode": "palette-classic"
            },
            "custom": {
              "axisBorderShow": false,
              "axisCenteredZero": false,
              "axisColorMode": "text",
              "axisLabel": "",
              "axisPlacement": "auto",
              "barAlignment": 0,
              "barWidthFactor": 0.6,
              "drawStyle": "line",
              "fillOpacity": 40,
              "gradientMode": "none",
              "hideFrom": {
                "legend": false,
                "tooltip": false,
                "viz": false
              },
              "insertNulls": false,
              "lineInterpolation": "linear",
              "lineWidth": 1,
              "pointSize": 5,
              "scaleDistribution": {
                "type": "linear"
              },
              "showPoints": "auto",
              "spanNulls": false,
              "stacking": {
                "group": "A",
                "mode": "none"
              },
              "thresholdsStyle": {
                "mode": "off"
              }
            },
            "mappings": [],
            "thresholds": {
              "mode": "absolute",
              "steps": [
                {
                  "color": "green",
                  "value": null
                }
              ]
            },
            "unit": "binBps"
          },
          "overrides": []
        },
        "gridPos": {
          "h": 7,
          "w": 12,
          "x": 12,
          "y": 13
        },
        "id": 340,
        "options": {
          "legend": {
            "calcs": [],
            "displayMode": "list",
            "placement": "bottom",
            "showLegend": true
          },
          "tooltip": {
            "hideZeros": false,
            "mode": "single",
            "sort": "none"
          }
        },
        "pluginVersion": "11.5.2",
        "targets": [
          {
            "datasource": {
              "type": "prometheus",
              "uid": "${DS_PROMETHEUS}"
            },
            "editorMode": "code",
            "expr": "sum(rate(node_disk_read_bytes_total{monitor=\"$instance\"}[$__rate_interval]))",
            "legendFormat": "reads",
            "range": true,
            "refId": "A"
          },
          {
            "datasource": {
              "type": "prometheus",
              "uid": "${DS_PROMETHEUS}"
            },
            "editorMode": "code",
            "expr": "sum(rate(node_disk_written_bytes_total{monitor=\"$monitor\"}[$__rate_interval])) * -1",
            "hide": false,
            "instant": false,
            "legendFormat": "writes",
            "range": true,
            "refId": "B"
          }
        ],
        "title": "Disk IO",
        "type": "timeseries"
      },
      {
        "collapsed": false,
        "gridPos": {
          "h": 1,
          "w": 24,
          "x": 0,
          "y": 20
        },
        "id": 337,
        "panels": [],
        "title": "Hardware Monitor",
        "type": "row"
      },
      {
        "datasource": {
          "type": "prometheus",
          "uid": "${DS_PROMETHEUS}"
        },
        "fieldConfig": {
          "defaults": {
            "color": {
              "mode": "palette-classic"
            },
            "custom": {
              "axisBorderShow": false,
              "axisCenteredZero": false,
              "axisColorMode": "text",
              "axisLabel": "temperature",
              "axisPlacement": "auto",
              "barAlignment": 0,
              "barWidthFactor": 0.6,
              "drawStyle": "line",
              "fillOpacity": 0,
              "gradientMode": "none",
              "hideFrom": {
                "legend": false,
                "tooltip": false,
                "viz": false
              },
              "insertNulls": false,
              "lineInterpolation": "linear",
              "lineWidth": 1,
              "pointSize": 5,
              "scaleDistribution": {
                "type": "linear"
              },
              "showPoints": "never",
              "spanNulls": false,
              "stacking": {
                "group": "A",
                "mode": "none"
              },
              "thresholdsStyle": {
                "mode": "off"
              }
            },
            "links": [],
            "mappings": [],
            "min": 0,
            "thresholds": {
              "mode": "absolute",
              "steps": [
                {
                  "color": "green",
                  "value": null
                },
                {
                  "color": "red",
                  "value": 80
                }
              ]
            },
            "unit": "celsius"
          },
          "overrides": [
            {
              "matcher": {
                "id": "byRegexp",
                "options": "/.*Critical*./"
              },
              "properties": [
                {
                  "id": "color",
                  "value": {
                    "fixedColor": "#E24D42",
                    "mode": "fixed"
                  }
                },
                {
                  "id": "custom.fillOpacity",
                  "value": 0
                }
              ]
            },
            {
              "matcher": {
                "id": "byRegexp",
                "options": "/.*Max*./"
              },
              "properties": [
                {
                  "id": "color",
                  "value": {
                    "fixedColor": "#EF843C",
                    "mode": "fixed"
                  }
                },
                {
                  "id": "custom.fillOpacity",
                  "value": 0
                }
              ]
            }
          ]
        },
        "gridPos": {
          "h": 7,
          "w": 12,
          "x": 0,
          "y": 21
        },
        "id": 158,
        "options": {
          "legend": {
            "calcs": [
              "mean",
              "lastNotNull",
              "max"
            ],
            "displayMode": "table",
            "placement": "right",
            "showLegend": true,
            "sortBy": "Max",
            "sortDesc": true
          },
          "tooltip": {
            "hideZeros": false,
            "mode": "multi",
            "sort": "desc"
          }
        },
        "pluginVersion": "11.5.2",
        "targets": [
          {
            "datasource": {
              "type": "prometheus",
              "uid": "${DS_PROMETHEUS}"
            },
            "editorMode": "code",
            "expr": "(node_hwmon_temp_celsius{monitor=\"$monitor\"} > 0) * on(chip) group_left(chip_name) node_hwmon_chip_names{monitor=\"$monitor\"}",
            "format": "time_series",
            "interval": "",
            "intervalFactor": 1,
            "legendFormat": "{{ chip_name }} {{ sensor }}",
            "range": true,
            "refId": "A",
            "step": 240
          }
        ],
        "title": "Temperature Sensors",
        "type": "timeseries"
      },
      {
        "datasource": {
          "type": "prometheus",
          "uid": "${DS_PROMETHEUS}"
        },
        "fieldConfig": {
          "defaults": {
            "color": {
              "mode": "palette-classic"
            },
            "custom": {
              "axisBorderShow": false,
              "axisCenteredZero": false,
              "axisColorMode": "text",
              "axisLabel": "",
              "axisPlacement": "auto",
              "barAlignment": 0,
              "barWidthFactor": 0.6,
              "drawStyle": "line",
              "fillOpacity": 0,
              "gradientMode": "none",
              "hideFrom": {
                "legend": false,
                "tooltip": false,
                "viz": false
              },
              "insertNulls": false,
              "lineInterpolation": "linear",
              "lineWidth": 1,
              "pointSize": 5,
              "scaleDistribution": {
                "type": "linear"
              },
              "showPoints": "never",
              "spanNulls": false,
              "stacking": {
                "group": "A",
                "mode": "none"
              },
              "thresholdsStyle": {
                "mode": "area"
              }
            },
            "decimals": 0,
            "links": [],
            "mappings": [],
            "min": 20,
            "thresholds": {
              "mode": "absolute",
              "steps": [
                {
                  "color": "green",
                  "value": null
                },
                {
                  "color": "yellow",
                  "value": 55
                },
                {
                  "color": "red",
                  "value": 60
                }
              ]
            },
            "unit": "celsius"
          },
          "overrides": []
        },
        "gridPos": {
          "h": 7,
          "w": 12,
          "x": 12,
          "y": 21
        },
        "id": 335,
        "options": {
          "legend": {
            "calcs": [
              "mean",
              "lastNotNull",
              "max"
            ],
            "displayMode": "table",
            "placement": "right",
            "showLegend": true
          },
          "tooltip": {
            "hideZeros": false,
            "mode": "single",
            "sort": "none"
          }
        },
        "pluginVersion": "11.5.2",
        "targets": [
          {
            "datasource": {
              "type": "prometheus",
              "uid": "${DS_PROMETHEUS}"
            },
            "editorMode": "code",
            "expr": "avg(smartctl_device_temperature{monitor=\"$monitor\"} * on(monitor,device) group_left(interface,serial_number,model_name) smartctl_device) by (monitor,device,model_name) unless on(monitor,device) (smartctl_device_attribute{attribute_name=\"Start_Stop_Count\", attribute_value_type=\"raw\"} > 0)",
            "format": "time_series",
            "hide": false,
            "instant": false,
            "interval": "1m",
            "intervalFactor": 1,
            "legendFormat": "{{device}}",
            "refId": "B"
          }
        ],
        "title": "SSD Disk Temperature",
        "type": "timeseries"
      },
      {
        "datasource": {
          "type": "prometheus",
          "uid": "${DS_PROMETHEUS}"
        },
        "fieldConfig": {
          "defaults": {
            "color": {
              "mode": "palette-classic"
            },
            "custom": {
              "axisBorderShow": false,
              "axisCenteredZero": false,
              "axisColorMode": "text",
              "axisLabel": "",
              "axisPlacement": "auto",
              "barAlignment": 0,
              "barWidthFactor": 0.6,
              "drawStyle": "line",
              "fillOpacity": 0,
              "gradientMode": "none",
              "hideFrom": {
                "legend": false,
                "tooltip": false,
                "viz": false
              },
              "insertNulls": false,
              "lineInterpolation": "linear",
              "lineWidth": 1,
              "pointSize": 5,
              "scaleDistribution": {
                "type": "linear"
              },
              "showPoints": "auto",
              "spanNulls": false,
              "stacking": {
                "group": "A",
                "mode": "none"
              },
              "thresholdsStyle": {
                "mode": "off"
              }
            },
            "mappings": [],
            "thresholds": {
              "mode": "absolute",
              "steps": [
                {
                  "color": "green",
                  "value": null
                },
                {
                  "color": "red",
                  "value": 80
                }
              ]
            }
          },
          "overrides": []
        },
        "gridPos": {
          "h": 7,
          "w": 12,
          "x": 0,
          "y": 28
        },
        "id": 333,
        "options": {
          "legend": {
            "calcs": [],
            "displayMode": "list",
            "placement": "bottom",
            "showLegend": true
          },
          "tooltip": {
            "hideZeros": false,
            "mode": "multi",
            "sort": "desc"
          }
        },
        "pluginVersion": "11.5.2",
        "targets": [
          {
            "datasource": {
              "type": "prometheus",
              "uid": "${DS_PROMETHEUS}"
            },
            "disableTextWrap": false,
            "editorMode": "code",
            "expr": "node_hwmon_fan_rpm{monitor=\"$monitor\"} > 0",
            "fullMetaSearch": false,
            "includeNullMetadata": true,
            "legendFormat": "{{sensor}}",
            "range": true,
            "refId": "A",
            "useBackend": false
          }
        ],
        "title": "Fan Speeds",
        "type": "timeseries"
      },
      {
        "datasource": {
          "type": "prometheus",
          "uid": "${DS_PROMETHEUS}"
        },
        "fieldConfig": {
          "defaults": {
            "color": {
              "mode": "palette-classic"
            },
            "custom": {
              "axisBorderShow": false,
              "axisCenteredZero": false,
              "axisColorMode": "text",
              "axisLabel": "",
              "axisPlacement": "auto",
              "barAlignment": 0,
              "barWidthFactor": 0.6,
              "drawStyle": "line",
              "fillOpacity": 0,
              "gradientMode": "none",
              "hideFrom": {
                "legend": false,
                "tooltip": false,
                "viz": false
              },
              "insertNulls": false,
              "lineInterpolation": "linear",
              "lineWidth": 1,
              "pointSize": 5,
              "scaleDistribution": {
                "type": "linear"
              },
              "showPoints": "never",
              "spanNulls": false,
              "stacking": {
                "group": "A",
                "mode": "none"
              },
              "thresholdsStyle": {
                "mode": "area"
              }
            },
            "decimals": 0,
            "links": [],
            "mappings": [],
            "min": 20,
            "thresholds": {
              "mode": "absolute",
              "steps": [
                {
                  "color": "green",
                  "value": null
                },
                {
                  "color": "yellow",
                  "value": 45
                },
                {
                  "color": "red",
                  "value": 55
                }
              ]
            },
            "unit": "celsius"
          },
          "overrides": []
        },
        "gridPos": {
          "h": 7,
          "w": 12,
          "x": 12,
          "y": 28
        },
        "id": 336,
        "options": {
          "legend": {
            "calcs": [
              "mean",
              "lastNotNull",
              "max"
            ],
            "displayMode": "table",
            "placement": "right",
            "showLegend": true
          },
          "tooltip": {
            "hideZeros": false,
            "mode": "single",
            "sort": "none"
          }
        },
        "pluginVersion": "11.5.2",
        "targets": [
          {
            "datasource": {
              "type": "prometheus",
              "uid": "${DS_PROMETHEUS}"
            },
            "editorMode": "code",
            "expr": "avg(smartctl_device_temperature{monitor=\"$monitor\"} * on(monitor, device) group_left(interface,serial_number,model_name) smartctl_device) by (monitor,device,model_name) and on(monitor, device) (smartctl_device_attribute{attribute_name=\"Start_Stop_Count\", attribute_value_type=\"raw\"} > 0)",
            "format": "time_series",
            "hide": false,
            "instant": false,
            "interval": "1m",
            "intervalFactor": 1,
            "legendFormat": "{{device}}",
            "refId": "B"
          }
        ],
        "title": "HDD Disk Temperature",
        "type": "timeseries"
      }
    ],
    "refresh": "1m",
    "schemaVersion": 40,
    "tags": [],
    "templating": {
      "list": [
        {
          "current": {},
          "hide": 2,
          "label": "prometheus",
          "name": "DS_PROMETHEUS",
          "options": [],
          "query": "prometheus",
          "refresh": 1,
          "regex": "",
          "type": "datasource"
        },
        {
          "allowCustomValue": false,
          "current": {},
          "datasource": {
            "type": "prometheus",
            "uid": "${DS_PROMETHEUS}"
          },
          "definition": "label_values(node_uname_info{sysname=\"Linux\"},monitor)",
          "includeAll": false,
          "label": "Monitor",
          "name": "monitor",
          "options": [],
          "query": {
            "qryType": 1,
            "query": "label_values(node_uname_info{sysname=\"Linux\"},monitor)",
            "refId": "PrometheusVariableQueryEditor-VariableQuery"
          },
          "refresh": 1,
          "regex": "",
          "sort": 1,
          "type": "query"
        }
      ]
    },
    "time": {
      "from": "now-24h",
      "to": "now"
    },
    "timepicker": {},
    "timezone": "America/Los_Angeles",
    "title": "Linux",
    "uid": "aeeksdfizs16oe",
    "version": 2,
    "weekStart": ""
  }