{
    "__inputs": [
      {
        "name": "DS_LOKI",
        "label": "Loki",
        "description": "",
        "type": "datasource",
        "pluginId": "loki",
        "pluginName": "Loki"
      }
    ],
    "__elements": {},
    "__requires": [
      {
        "type": "grafana",
        "id": "grafana",
        "name": "Grafana",
        "version": "11.6.0"
      },
      {
        "type": "panel",
        "id": "logs",
        "name": "Logs",
        "version": ""
      },
      {
        "type": "datasource",
        "id": "loki",
        "name": "Loki",
        "version": "1.0.0"
      },
      {
        "type": "panel",
        "id": "timeseries",
        "name": "Time series",
        "version": ""
      }
    ],
    "annotations": {
      "list": [
        {
          "builtIn": 1,
          "datasource": {
            "type": "grafana",
            "uid": "-- Grafana --"
          },
          "enable": true,
          "hide": true,
          "iconColor": "rgba(0, 211, 255, 1)",
          "name": "Annotations & Alerts",
          "type": "dashboard"
        }
      ]
    },
    "editable": true,
    "fiscalYearStartMonth": 0,
    "graphTooltip": 0,
    "id": null,
    "links": [],
    "panels": [
      {
        "datasource": {
          "type": "loki",
          "uid": "${DS_LOKI}"
        },
        "fieldConfig": {
          "defaults": {
            "color": {
              "mode": "palette-classic"
            },
            "custom": {
              "axisBorderShow": false,
              "axisCenteredZero": false,
              "axisColorMode": "text",
              "axisLabel": "",
              "axisPlacement": "auto",
              "barAlignment": 0,
              "barWidthFactor": 0.6,
              "drawStyle": "line",
              "fillOpacity": 0,
              "gradientMode": "none",
              "hideFrom": {
                "legend": false,
                "tooltip": false,
                "viz": false
              },
              "insertNulls": false,
              "lineInterpolation": "linear",
              "lineWidth": 1,
              "pointSize": 5,
              "scaleDistribution": {
                "type": "linear"
              },
              "showPoints": "auto",
              "spanNulls": false,
              "stacking": {
                "group": "A",
                "mode": "none"
              },
              "thresholdsStyle": {
                "mode": "off"
              }
            },
            "mappings": [],
            "thresholds": {
              "mode": "absolute",
              "steps": [
                {
                  "color": "green"
                },
                {
                  "color": "red",
                  "value": 80
                }
              ]
            }
          },
          "overrides": [
            {
              "__systemRef": "hideSeriesFrom",
              "matcher": {
                "id": "byNames",
                "options": {
                  "mode": "exclude",
                  "names": [
                    "Value"
                  ],
                  "prefix": "All except:",
                  "readOnly": true
                }
              },
              "properties": [
                {
                  "id": "custom.hideFrom",
                  "value": {
                    "legend": false,
                    "tooltip": false,
                    "viz": true
                  }
                }
              ]
            }
          ]
        },
        "gridPos": {
          "h": 7,
          "w": 24,
          "x": 0,
          "y": 0
        },
        "id": 1,
        "options": {
          "legend": {
            "calcs": [],
            "displayMode": "list",
            "placement": "bottom",
            "showLegend": true
          },
          "tooltip": {
            "hideZeros": false,
            "mode": "single",
            "sort": "none"
          }
        },
        "pluginVersion": "11.6.0",
        "targets": [
          {
            "datasource": {
              "type": "loki",
              "uid": "${DS_LOKI}"
            },
            "direction": "backward",
            "editorMode": "code",
            "expr": "sum(count_over_time({service_name=~\"$service\", level=~\"$level\"} [$__auto])) by (level)",
            "legendFormat": "{{level}}",
            "queryType": "range",
            "refId": "logs"
          }
        ],
        "title": "Line Count",
        "type": "timeseries"
      },
      {
        "datasource": {
          "type": "loki",
          "uid": "${DS_LOKI}"
        },
        "gridPos": {
          "h": 16,
          "w": 24,
          "x": 0,
          "y": 7
        },
        "id": 2,
        "options": {
          "dedupStrategy": "none",
          "enableInfiniteScrolling": true,
          "enableLogDetails": true,
          "prettifyLogMessage": false,
          "showCommonLabels": true,
          "showLabels": true,
          "showTime": true,
          "sortOrder": "Descending",
          "wrapLogMessage": false
        },
        "pluginVersion": "11.6.0",
        "targets": [
          {
            "datasource": {
              "type": "loki",
              "uid": "${DS_LOKI}"
            },
            "direction": "backward",
            "editorMode": "code",
            "expr": "{service_name=~\"$service\",level=~\"$level\"} |= ``",
            "legendFormat": "{{service_name}}",
            "queryType": "range",
            "refId": "logs"
          }
        ],
        "title": "Log Details",
        "type": "logs"
      }
    ],
    "schemaVersion": 41,
    "tags": [
      "system"
    ],
    "templating": {
      "list": [
        {
          "current": {},
          "hide": 2,
          "label": "datasource",
          "name": "DS_LOKI",
          "options": [],
          "query": "loki",
          "refresh": 1,
          "regex": "",
          "type": "datasource"
        },
        {
          "allowCustomValue": false,
          "current": {},
          "datasource": {
            "type": "loki",
            "uid": "${DS_LOKI}"
          },
          "definition": "",
          "includeAll": true,
          "label": "Monitor",
          "multi": true,
          "name": "monitor",
          "options": [],
          "query": {
            "label": "monitor",
            "refId": "LokiVariableQueryEditor-VariableQuery",
            "stream": "",
            "type": 1
          },
          "refresh": 1,
          "regex": "",
          "type": "query"
        },
        {
          "allowCustomValue": false,
          "current": {},
          "datasource": {
            "type": "loki",
            "uid": "${DS_LOKI}"
          },
          "definition": "",
          "description": "",
          "includeAll": true,
          "label": "Service",
          "name": "service",
          "options": [],
          "query": {
            "label": "service_name",
            "refId": "LokiVariableQueryEditor-VariableQuery",
            "stream": "{monitor=\"$monitor\"}",
            "type": 1
          },
          "refresh": 1,
          "regex": "",
          "type": "query"
        },
        {
          "allowCustomValue": false,
          "current": {},
          "datasource": {
            "type": "loki",
            "uid": "${DS_LOKI}"
          },
          "definition": "",
          "includeAll": true,
          "label": "Level",
          "multi": true,
          "name": "level",
          "options": [],
          "query": {
            "label": "level",
            "refId": "LokiVariableQueryEditor-VariableQuery",
            "stream": "",
            "type": 1
          },
          "refresh": 1,
          "regex": "",
          "type": "query"
        }
      ]
    },
    "time": {
      "from": "now-15m",
      "to": "now"
    },
    "timepicker": {},
    "timezone": "browser",
    "title": "Logs",
    "uid": "fek0j4jv40cn4c",
    "version": 2,
    "weekStart": ""
  }