{
    "__inputs": [
      {
        "name": "DS_PROMETHEUS",
        "label": "prometheus",
        "description": "",
        "type": "datasource",
        "pluginId": "prometheus",
        "pluginName": "Prometheus"
      }
    ],
    "__elements": {},
    "__requires": [
      {
        "type": "grafana",
        "id": "grafana",
        "name": "Grafana",
        "version": "11.5.2"
      },
      {
        "type": "datasource",
        "id": "prometheus",
        "name": "Prometheus",
        "version": "1.0.0"
      },
      {
        "type": "panel",
        "id": "timeseries",
        "name": "Time series",
        "version": ""
      }
    ],
    "annotations": {
      "list": [
        {
          "$$hashKey": "object:1058",
          "builtIn": 1,
          "datasource": {
            "type": "datasource",
            "uid": "grafana"
          },
          "enable": true,
          "hide": true,
          "iconColor": "rgba(0, 211, 255, 1)",
          "name": "Annotations & Alerts",
          "target": {
            "limit": 100,
            "matchAny": false,
            "tags": [],
            "type": "dashboard"
          },
          "type": "dashboard"
        }
      ]
    },
    "editable": true,
    "fiscalYearStartMonth": 0,
    "graphTooltip": 1,
    "id": null,
    "links": [],
    "panels": [
      {
        "datasource": {
          "type": "prometheus",
          "uid": "${DS_PROMETHEUS}"
        },
        "fieldConfig": {
          "defaults": {
            "color": {
              "mode": "palette-classic"
            },
            "custom": {
              "axisBorderShow": false,
              "axisCenteredZero": false,
              "axisColorMode": "text",
              "axisLabel": "",
              "axisPlacement": "auto",
              "barAlignment": 0,
              "barWidthFactor": 0.6,
              "drawStyle": "line",
              "fillOpacity": 5,
              "gradientMode": "none",
              "hideFrom": {
                "legend": false,
                "tooltip": false,
                "viz": false
              },
              "insertNulls": false,
              "lineInterpolation": "linear",
              "lineWidth": 1,
              "pointSize": 5,
              "scaleDistribution": {
                "type": "linear"
              },
              "showPoints": "auto",
              "spanNulls": 120000,
              "stacking": {
                "group": "A",
                "mode": "none"
              },
              "thresholdsStyle": {
                "mode": "off"
              }
            },
            "mappings": [],
            "min": 0,
            "thresholds": {
              "mode": "absolute",
              "steps": [
                {
                  "color": "green",
                  "value": null
                },
                {
                  "color": "red",
                  "value": 80
                }
              ]
            },
            "unit": "s"
          },
          "overrides": []
        },
        "gridPos": {
          "h": 11,
          "w": 12,
          "x": 0,
          "y": 0
        },
        "id": 328,
        "options": {
          "legend": {
            "calcs": [
              "mean",
              "lastNotNull"
            ],
            "displayMode": "table",
            "placement": "right",
            "showLegend": true,
            "sortBy": "Last *",
            "sortDesc": true
          },
          "tooltip": {
            "hideZeros": false,
            "mode": "multi",
            "sort": "desc"
          }
        },
        "pluginVersion": "11.5.2",
        "targets": [
          {
            "datasource": {
              "type": "prometheus",
              "uid": "${DS_PROMETHEUS}"
            },
            "editorMode": "code",
            "expr": "sum(rate(namedprocess_namegroup_cpu_seconds_total{monitor=\"$monitor\", groupname=~\"$processes\"}[$__interval])) by (groupname)",
            "intervalFactor": 2,
            "legendFormat": "{{groupname}}",
            "metric": "process_namegroup_cpu_seconds_total",
            "range": true,
            "refId": "A",
            "step": 10
          }
        ],
        "title": "CPU Usage",
        "type": "timeseries"
      },
      {
        "datasource": {
          "type": "prometheus",
          "uid": "${DS_PROMETHEUS}"
        },
        "fieldConfig": {
          "defaults": {
            "color": {
              "mode": "palette-classic"
            },
            "custom": {
              "axisBorderShow": false,
              "axisCenteredZero": false,
              "axisColorMode": "text",
              "axisLabel": "",
              "axisPlacement": "auto",
              "barAlignment": 0,
              "barWidthFactor": 0.6,
              "drawStyle": "line",
              "fillOpacity": 5,
              "gradientMode": "none",
              "hideFrom": {
                "legend": false,
                "tooltip": false,
                "viz": false
              },
              "insertNulls": false,
              "lineInterpolation": "linear",
              "lineWidth": 1,
              "pointSize": 5,
              "scaleDistribution": {
                "type": "linear"
              },
              "showPoints": "never",
              "spanNulls": false,
              "stacking": {
                "group": "A",
                "mode": "none"
              },
              "thresholdsStyle": {
                "mode": "off"
              }
            },
            "mappings": [],
            "noValue": "0",
            "thresholds": {
              "mode": "absolute",
              "steps": [
                {
                  "color": "green",
                  "value": null
                },
                {
                  "color": "red",
                  "value": 80
                }
              ]
            },
            "unit": "short"
          },
          "overrides": []
        },
        "gridPos": {
          "h": 11,
          "w": 12,
          "x": 12,
          "y": 0
        },
        "id": 327,
        "options": {
          "legend": {
            "calcs": [
              "lastNotNull"
            ],
            "displayMode": "table",
            "placement": "right",
            "showLegend": true,
            "sortBy": "Last *",
            "sortDesc": true
          },
          "tooltip": {
            "hideZeros": false,
            "mode": "multi",
            "sort": "desc"
          }
        },
        "pluginVersion": "11.5.2",
        "targets": [
          {
            "datasource": {
              "type": "prometheus",
              "uid": "${DS_PROMETHEUS}"
            },
            "editorMode": "code",
            "expr": "namedprocess_namegroup_num_procs{monitor=\"$monitor\", groupname=~\"$processes\"} > 0",
            "intervalFactor": 2,
            "legendFormat": "{{groupname}}",
            "metric": "process_namegroup_num_procs",
            "range": true,
            "refId": "A",
            "step": 10
          }
        ],
        "title": "Num Processes",
        "type": "timeseries"
      },
      {
        "datasource": {
          "type": "prometheus",
          "uid": "${DS_PROMETHEUS}"
        },
        "fieldConfig": {
          "defaults": {
            "color": {
              "mode": "palette-classic"
            },
            "custom": {
              "axisBorderShow": false,
              "axisCenteredZero": false,
              "axisColorMode": "text",
              "axisLabel": "",
              "axisPlacement": "auto",
              "barAlignment": 0,
              "barWidthFactor": 0.6,
              "drawStyle": "line",
              "fillOpacity": 5,
              "gradientMode": "none",
              "hideFrom": {
                "legend": false,
                "tooltip": false,
                "viz": false
              },
              "insertNulls": false,
              "lineInterpolation": "linear",
              "lineWidth": 1,
              "pointSize": 5,
              "scaleDistribution": {
                "type": "linear"
              },
              "showPoints": "auto",
              "spanNulls": 120000,
              "stacking": {
                "group": "A",
                "mode": "none"
              },
              "thresholdsStyle": {
                "mode": "off"
              }
            },
            "mappings": [],
            "min": 0,
            "thresholds": {
              "mode": "absolute",
              "steps": [
                {
                  "color": "green",
                  "value": null
                },
                {
                  "color": "red",
                  "value": 80
                }
              ]
            },
            "unit": "Bps"
          },
          "overrides": []
        },
        "gridPos": {
          "h": 11,
          "w": 12,
          "x": 0,
          "y": 11
        },
        "id": 329,
        "options": {
          "legend": {
            "calcs": [
              "mean",
              "lastNotNull"
            ],
            "displayMode": "table",
            "placement": "right",
            "showLegend": true,
            "sortBy": "Mean",
            "sortDesc": true
          },
          "tooltip": {
            "hideZeros": false,
            "mode": "multi",
            "sort": "desc"
          }
        },
        "pluginVersion": "11.5.2",
        "targets": [
          {
            "datasource": {
              "type": "prometheus",
              "uid": "${DS_PROMETHEUS}"
            },
            "editorMode": "code",
            "expr": "rate(namedprocess_namegroup_read_bytes_total{monitor=\"$monitor\", groupname=~\"$processes\"}[$__interval]) > 0",
            "intervalFactor": 2,
            "legendFormat": "{{groupname}}",
            "metric": "namedprocess_namegroup_read_bytes_total",
            "range": true,
            "refId": "A",
            "step": 10
          }
        ],
        "title": "Disk Read Bytes",
        "type": "timeseries"
      },
      {
        "datasource": {
          "type": "prometheus",
          "uid": "${DS_PROMETHEUS}"
        },
        "fieldConfig": {
          "defaults": {
            "color": {
              "mode": "palette-classic"
            },
            "custom": {
              "axisBorderShow": false,
              "axisCenteredZero": false,
              "axisColorMode": "text",
              "axisLabel": "",
              "axisPlacement": "auto",
              "barAlignment": 0,
              "barWidthFactor": 0.6,
              "drawStyle": "line",
              "fillOpacity": 5,
              "gradientMode": "none",
              "hideFrom": {
                "legend": false,
                "tooltip": false,
                "viz": false
              },
              "insertNulls": false,
              "lineInterpolation": "linear",
              "lineWidth": 1,
              "pointSize": 5,
              "scaleDistribution": {
                "type": "linear"
              },
              "showPoints": "auto",
              "spanNulls": 120000,
              "stacking": {
                "group": "A",
                "mode": "none"
              },
              "thresholdsStyle": {
                "mode": "off"
              }
            },
            "mappings": [],
            "min": 0,
            "thresholds": {
              "mode": "absolute",
              "steps": [
                {
                  "color": "green",
                  "value": null
                },
                {
                  "color": "red",
                  "value": 80
                }
              ]
            },
            "unit": "Bps"
          },
          "overrides": []
        },
        "gridPos": {
          "h": 11,
          "w": 12,
          "x": 12,
          "y": 11
        },
        "id": 330,
        "options": {
          "legend": {
            "calcs": [
              "mean",
              "lastNotNull"
            ],
            "displayMode": "table",
            "placement": "right",
            "showLegend": true,
            "sortBy": "Mean",
            "sortDesc": true
          },
          "tooltip": {
            "hideZeros": false,
            "mode": "multi",
            "sort": "desc"
          }
        },
        "pluginVersion": "11.5.2",
        "targets": [
          {
            "datasource": {
              "type": "prometheus",
              "uid": "${DS_PROMETHEUS}"
            },
            "editorMode": "code",
            "expr": "rate(namedprocess_namegroup_write_bytes_total{monitor=\"$monitor\", groupname=~\"$processes\"}[$__interval]) > 0",
            "intervalFactor": 2,
            "legendFormat": "{{groupname}}",
            "metric": "namedprocess_namegroup_read_bytes_total",
            "range": true,
            "refId": "A",
            "step": 10
          }
        ],
        "title": "Disk Write Bytes",
        "type": "timeseries"
      },
      {
        "datasource": {
          "type": "prometheus",
          "uid": "${DS_PROMETHEUS}"
        },
        "fieldConfig": {
          "defaults": {
            "color": {
              "mode": "palette-classic"
            },
            "custom": {
              "axisBorderShow": false,
              "axisCenteredZero": false,
              "axisColorMode": "text",
              "axisLabel": "",
              "axisPlacement": "auto",
              "barAlignment": 0,
              "barWidthFactor": 0.6,
              "drawStyle": "line",
              "fillOpacity": 5,
              "gradientMode": "none",
              "hideFrom": {
                "legend": false,
                "tooltip": false,
                "viz": false
              },
              "insertNulls": false,
              "lineInterpolation": "linear",
              "lineWidth": 1,
              "pointSize": 5,
              "scaleDistribution": {
                "type": "linear"
              },
              "showPoints": "never",
              "spanNulls": false,
              "stacking": {
                "group": "A",
                "mode": "none"
              },
              "thresholdsStyle": {
                "mode": "off"
              }
            },
            "mappings": [],
            "min": 0,
            "noValue": "0",
            "thresholds": {
              "mode": "absolute",
              "steps": [
                {
                  "color": "green",
                  "value": null
                },
                {
                  "color": "red",
                  "value": 80
                }
              ]
            },
            "unit": "bytes"
          },
          "overrides": []
        },
        "gridPos": {
          "h": 11,
          "w": 12,
          "x": 0,
          "y": 22
        },
        "id": 331,
        "options": {
          "legend": {
            "calcs": [
              "mean",
              "lastNotNull"
            ],
            "displayMode": "table",
            "placement": "right",
            "showLegend": true,
            "sortBy": "Mean",
            "sortDesc": true
          },
          "tooltip": {
            "hideZeros": false,
            "mode": "multi",
            "sort": "desc"
          }
        },
        "pluginVersion": "11.5.2",
        "targets": [
          {
            "datasource": {
              "type": "prometheus",
              "uid": "${DS_PROMETHEUS}"
            },
            "disableTextWrap": false,
            "editorMode": "code",
            "expr": "namedprocess_namegroup_memory_bytes{monitor=\"$monitor\", groupname=~\"$processes\", memtype=\"resident\"} > 0",
            "fullMetaSearch": false,
            "includeNullMetadata": true,
            "intervalFactor": 2,
            "legendFormat": "{{groupname}}",
            "metric": "namedprocess_namegroup_memory_bytes",
            "range": true,
            "refId": "A",
            "step": 10,
            "useBackend": false
          }
        ],
        "title": "Resident Memory",
        "type": "timeseries"
      },
      {
        "datasource": {
          "type": "prometheus",
          "uid": "${DS_PROMETHEUS}"
        },
        "fieldConfig": {
          "defaults": {
            "color": {
              "mode": "palette-classic"
            },
            "custom": {
              "axisBorderShow": false,
              "axisCenteredZero": false,
              "axisColorMode": "text",
              "axisLabel": "",
              "axisPlacement": "auto",
              "barAlignment": 0,
              "barWidthFactor": 0.6,
              "drawStyle": "line",
              "fillOpacity": 5,
              "gradientMode": "none",
              "hideFrom": {
                "legend": false,
                "tooltip": false,
                "viz": false
              },
              "insertNulls": false,
              "lineInterpolation": "linear",
              "lineWidth": 1,
              "pointSize": 5,
              "scaleDistribution": {
                "type": "linear"
              },
              "showPoints": "never",
              "spanNulls": false,
              "stacking": {
                "group": "A",
                "mode": "none"
              },
              "thresholdsStyle": {
                "mode": "off"
              }
            },
            "mappings": [],
            "min": 0,
            "noValue": "0",
            "thresholds": {
              "mode": "absolute",
              "steps": [
                {
                  "color": "green",
                  "value": null
                },
                {
                  "color": "red",
                  "value": 80
                }
              ]
            },
            "unit": "bytes"
          },
          "overrides": []
        },
        "gridPos": {
          "h": 11,
          "w": 12,
          "x": 12,
          "y": 22
        },
        "id": 332,
        "options": {
          "legend": {
            "calcs": [
              "mean",
              "lastNotNull"
            ],
            "displayMode": "table",
            "placement": "right",
            "showLegend": true,
            "sortBy": "Mean",
            "sortDesc": true
          },
          "tooltip": {
            "hideZeros": false,
            "mode": "multi",
            "sort": "desc"
          }
        },
        "pluginVersion": "11.5.2",
        "targets": [
          {
            "datasource": {
              "type": "prometheus",
              "uid": "${DS_PROMETHEUS}"
            },
            "editorMode": "code",
            "expr": "namedprocess_namegroup_memory_bytes{monitor=\"$monitor\", groupname=~\"$processes\", memtype=\"virtual\"} > 0",
            "intervalFactor": 2,
            "legendFormat": "{{groupname}}",
            "metric": "namedprocess_namegroup_memory_bytes",
            "range": true,
            "refId": "A",
            "step": 10
          }
        ],
        "title": "Virtual Memory",
        "type": "timeseries"
      }
    ],
    "refresh": "1m",
    "schemaVersion": 40,
    "tags": [
      "system"
    ],
    "templating": {
      "list": [
        {
          "current": {},
          "hide": 2,
          "label": "prometheus",
          "name": "DS_PROMETHEUS",
          "options": [],
          "query": "prometheus",
          "refresh": 1,
          "regex": "",
          "type": "datasource"
        },
        {
          "allowCustomValue": false,
          "current": {},
          "datasource": {
            "type": "prometheus",
            "uid": "${DS_PROMETHEUS}"
          },
          "definition": "label_values(node_uname_info,monitor)",
          "includeAll": false,
          "label": "Monitor",
          "name": "monitor",
          "options": [],
          "query": {
            "qryType": 1,
            "query": "label_values(node_uname_info,monitor)",
            "refId": "PrometheusVariableQueryEditor-VariableQuery"
          },
          "refresh": 1,
          "regex": "",
          "sort": 1,
          "type": "query"
        },
        {
          "allValue": ".+",
          "allowCustomValue": false,
          "current": {},
          "datasource": {
            "type": "prometheus",
            "uid": "${DS_PROMETHEUS}"
          },
          "definition": "label_values(namedprocess_namegroup_cpu_seconds_total{monitor=\"$monitor\"},groupname)",
          "description": "Filter down visible processes in the Process Explorer section",
          "includeAll": true,
          "label": "Process",
          "multi": true,
          "name": "processes",
          "options": [],
          "query": {
            "qryType": 1,
            "query": "label_values(namedprocess_namegroup_cpu_seconds_total{monitor=\"$monitor\"},groupname)",
            "refId": "PrometheusVariableQueryEditor-VariableQuery"
          },
          "refresh": 1,
          "regex": "",
          "sort": 1,
          "type": "query"
        }
      ]
    },
    "time": {
      "from": "now-24h",
      "to": "now"
    },
    "timepicker": {},
    "timezone": "America/Los_Angeles",
    "title": "Processes",
    "uid": "eeeksr5mtpp1cf",
    "version": 2,
    "weekStart": ""
  }